-- phpMyAdmin SQL Dump
-- version 4.9.0.1
-- https://www.phpmyadmin.net/
--
-- Host: 127.0.0.1
-- Generation Time: Jan 07, 2020 at 04:46 AM
-- Server version: 10.4.6-MariaDB
-- PHP Version: 7.1.32

SET SQL_MODE = "NO_AUTO_VALUE_ON_ZERO";
SET AUTOCOMMIT = 0;
START TRANSACTION;
SET time_zone = "+00:00";


/*!40101 SET @OLD_CHARACTER_SET_CLIENT=@@CHARACTER_SET_CLIENT */;
/*!40101 SET @OLD_CHARACTER_SET_RESULTS=@@CHARACTER_SET_RESULTS */;
/*!40101 SET @OLD_COLLATION_CONNECTION=@@COLLATION_CONNECTION */;
/*!40101 SET NAMES utf8mb4 */;

--
-- Database: `image_upload`
--
CREATE DATABASE IF NOT EXISTS `image_upload` DEFAULT CHARACTER SET latin1 COLLATE latin1_swedish_ci;
USE `image_upload`;

-- --------------------------------------------------------

--
-- Table structure for table `images`
--

CREATE TABLE `images` (
  `id` int(11) DEFAULT NULL,
  `image` varchar(100) DEFAULT NULL,
  `image_text` text DEFAULT NULL
) ENGINE=InnoDB DEFAULT CHARSET=latin1;

--
-- Dumping data for table `images`
--

INSERT INTO `images` (`id`, `image`, `image_text`) VALUES
(NULL, 'fb4.jpg', 'foodball');
--
-- Database: `inventory`
--
CREATE DATABASE IF NOT EXISTS `inventory` DEFAULT CHARACTER SET utf8 COLLATE utf8_unicode_ci;
USE `inventory`;

-- --------------------------------------------------------

--
-- Table structure for table `cashier`
--

CREATE TABLE `cashier` (
  `cashier_id` int(10) NOT NULL,
  `cashier_name` varchar(100) NOT NULL,
  `position` varchar(100) NOT NULL,
  `username` varchar(100) NOT NULL,
  `password` varchar(100) NOT NULL
) ENGINE=InnoDB DEFAULT CHARSET=latin1;

--
-- Dumping data for table `cashier`
--

INSERT INTO `cashier` (`cashier_id`, `cashier_name`, `position`, `username`, `password`) VALUES
(1, 'Cashier', 'cashier', 'cashier', '12345');

-- --------------------------------------------------------

--
-- Table structure for table `collection`
--

CREATE TABLE `collection` (
  `transaction_id` int(11) NOT NULL,
  `date` varchar(100) NOT NULL,
  `name` varchar(100) NOT NULL,
  `invoice` varchar(100) NOT NULL,
  `amount` varchar(100) NOT NULL,
  `remarks` varchar(100) NOT NULL,
  `balance` int(11) NOT NULL
) ENGINE=InnoDB DEFAULT CHARSET=latin1;

-- --------------------------------------------------------

--
-- Table structure for table `customer`
--

CREATE TABLE `customer` (
  `customer_id` int(11) NOT NULL,
  `customer_name` varchar(100) NOT NULL,
  `address` varchar(100) NOT NULL,
  `contact` varchar(100) NOT NULL,
  `membership_number` varchar(100) NOT NULL,
  `first_name` varchar(50) NOT NULL,
  `middle_name` varchar(50) NOT NULL,
  `last_name` varchar(50) NOT NULL
) ENGINE=InnoDB DEFAULT CHARSET=latin1;

--
-- Dumping data for table `customer`
--

INSERT INTO `customer` (`customer_id`, `customer_name`, `address`, `contact`, `membership_number`, `first_name`, `middle_name`, `last_name`) VALUES
(1, 'Customer', 'Silay City', '4536974', '1', 'customer', 'customer', 'customer');

-- --------------------------------------------------------

--
-- Table structure for table `lose`
--

CREATE TABLE `lose` (
  `p_id` int(10) NOT NULL,
  `product_code` varchar(30) NOT NULL,
  `product_name` varchar(30) NOT NULL,
  `description_name` varchar(30) NOT NULL,
  `amount_lose` varchar(30) NOT NULL,
  `qty` varchar(30) NOT NULL,
  `cost` varchar(30) NOT NULL,
  `date` varchar(30) NOT NULL,
  `category` varchar(20) NOT NULL,
  `exdate` varchar(30) NOT NULL
) ENGINE=InnoDB DEFAULT CHARSET=latin1;

--
-- Dumping data for table `lose`
--

INSERT INTO `lose` (`p_id`, `product_code`, `product_name`, `description_name`, `amount_lose`, `qty`, `cost`, `date`, `category`, `exdate`) VALUES
(1, 'P-08', 'Century Tuna', 'ADOBO', '3000', '100', '30', '02-23-2017', 'Canned Goods', '2017-05-27');

-- --------------------------------------------------------

--
-- Table structure for table `products`
--

CREATE TABLE `products` (
  `product_id` int(11) NOT NULL,
  `product_code` varchar(50) NOT NULL,
  `product_name` varchar(100) NOT NULL,
  `description_name` varchar(50) NOT NULL,
  `unit` varchar(15) NOT NULL,
  `cost` varchar(100) NOT NULL,
  `price` varchar(100) NOT NULL,
  `supplier` varchar(100) NOT NULL,
  `qty_left` int(10) NOT NULL,
  `category` varchar(100) NOT NULL,
  `date_delivered` varchar(20) NOT NULL,
  `expiration_date` varchar(20) NOT NULL
) ENGINE=InnoDB DEFAULT CHARSET=latin1;

--
-- Dumping data for table `products`
--

INSERT INTO `products` (`product_id`, `product_code`, `product_name`, `description_name`, `unit`, `cost`, `price`, `supplier`, `qty_left`, `category`, `date_delivered`, `expiration_date`) VALUES
(2, 'P-20032023', 'chicken', 'Cay', 'Per Pieces', '10', '12', 'Lon', 100, 'Noodles', '2017-01-21', '2017-07-13'),
(3, 'P-20032043', 'Lucky Me', 'Pancit Canton Chilimansi', 'Per Pieces', '10', '12', 'Lon', 100, 'Noodles', '2017-02-21', '2017-06-30'),
(4, 'P-3932232', 'M.Y. San', 'Skyflakes Crackers', 'Per Pack', '45.50', '50', 'Lon', 100, 'Crackers', '2017-02-21', '2017-07-27');

-- --------------------------------------------------------

--
-- Table structure for table `purchases`
--

CREATE TABLE `purchases` (
  `transaction_id` int(11) NOT NULL,
  `invoice_number` varchar(100) NOT NULL,
  `date_order` varchar(100) NOT NULL,
  `suplier` varchar(100) NOT NULL,
  `date_deliver` varchar(100) NOT NULL,
  `p_name` varchar(30) NOT NULL,
  `qty` varchar(30) NOT NULL,
  `cost` varchar(30) NOT NULL,
  `status` varchar(25) NOT NULL,
  `remark` varchar(100) NOT NULL
) ENGINE=InnoDB DEFAULT CHARSET=latin1;

--
-- Dumping data for table `purchases`
--

INSERT INTO `purchases` (`transaction_id`, `invoice_number`, `date_order`, `suplier`, `date_deliver`, `p_name`, `qty`, `cost`, `status`, `remark`) VALUES
(1, 'PO-8330322', '2017-02-23', 'Consuelo', '', 'P-08', '100', '3300', 'Returned', 'Expired Products\r\n');

-- --------------------------------------------------------

--
-- Table structure for table `purchases_item`
--

CREATE TABLE `purchases_item` (
  `id` int(11) NOT NULL,
  `name` varchar(100) NOT NULL,
  `qty` int(11) NOT NULL,
  `cost` varchar(100) NOT NULL,
  `invoice` varchar(100) NOT NULL,
  `status` varchar(25) NOT NULL,
  `date` varchar(25) NOT NULL
) ENGINE=InnoDB DEFAULT CHARSET=latin1;

--
-- Dumping data for table `purchases_item`
--

INSERT INTO `purchases_item` (`id`, `name`, `qty`, `cost`, `invoice`, `status`, `date`) VALUES
(1, 'P-08', 100, '3300', 'PO-8330322', 'Returned', '2017-02-23');

-- --------------------------------------------------------

--
-- Table structure for table `sales`
--

CREATE TABLE `sales` (
  `transaction_id` int(11) NOT NULL,
  `invoice_number` varchar(100) NOT NULL,
  `cashier` varchar(100) NOT NULL,
  `date` varchar(100) NOT NULL,
  `type` varchar(100) NOT NULL,
  `amount` varchar(100) NOT NULL,
  `due_date` varchar(100) NOT NULL,
  `name` varchar(100) NOT NULL,
  `balance` varchar(100) NOT NULL,
  `total_amount` varchar(30) NOT NULL,
  `cash` varchar(100) NOT NULL,
  `month` varchar(20) NOT NULL,
  `year` varchar(20) NOT NULL,
  `p_amount` varchar(30) NOT NULL,
  `vat` varchar(30) NOT NULL
) ENGINE=InnoDB DEFAULT CHARSET=latin1;

--
-- Dumping data for table `sales`
--

INSERT INTO `sales` (`transaction_id`, `invoice_number`, `cashier`, `date`, `type`, `amount`, `due_date`, `name`, `balance`, `total_amount`, `cash`, `month`, `year`, `p_amount`, `vat`) VALUES
(1, 'RS-33200322', 'Rizaldy Loren', '02/21/2017', 'cash', '184.8', '', 'Renzy Jerota Loren', '', '', '185', 'February', '2017', '165', '19.8');

-- --------------------------------------------------------

--
-- Table structure for table `sales_order`
--

CREATE TABLE `sales_order` (
  `transaction_id` int(11) NOT NULL,
  `invoice` varchar(100) NOT NULL,
  `product` varchar(100) NOT NULL,
  `qty` varchar(100) NOT NULL,
  `amount` varchar(100) NOT NULL,
  `name` varchar(100) NOT NULL,
  `price` varchar(100) NOT NULL,
  `discount` varchar(100) NOT NULL,
  `category` varchar(100) NOT NULL,
  `date` varchar(25) NOT NULL,
  `omonth` varchar(25) NOT NULL,
  `oyear` varchar(25) NOT NULL,
  `qtyleft` varchar(25) NOT NULL,
  `dname` varchar(50) NOT NULL,
  `vat` varchar(20) NOT NULL,
  `total_amount` varchar(30) NOT NULL
) ENGINE=InnoDB DEFAULT CHARSET=latin1;

--
-- Dumping data for table `sales_order`
--

INSERT INTO `sales_order` (`transaction_id`, `invoice`, `product`, `qty`, `amount`, `name`, `price`, `discount`, `category`, `date`, `omonth`, `oyear`, `qtyleft`, `dname`, `vat`, `total_amount`) VALUES
(1, 'RS-33200322', 'P-08', '5', '165', 'Century Tuna', '33', '0', 'Canned Goods', '02/21/2017', 'February', '2017', '95', 'ADOBO', '19.8', '184.8');

-- --------------------------------------------------------

--
-- Table structure for table `supliers`
--

CREATE TABLE `supliers` (
  `suplier_id` int(11) NOT NULL,
  `suplier_name` varchar(100) NOT NULL,
  `suplier_address` varchar(100) NOT NULL,
  `suplier_contact` varchar(100) NOT NULL,
  `contact_person` varchar(100) NOT NULL
) ENGINE=InnoDB DEFAULT CHARSET=latin1;

--
-- Dumping data for table `supliers`
--

INSERT INTO `supliers` (`suplier_id`, `suplier_name`, `suplier_address`, `suplier_contact`, `contact_person`) VALUES
(1, 'Lon', 'Bacolod City', '441 3251', 'dina'),
(2, 'Nho', 'Talisay City', '441 3896', 'rey');

-- --------------------------------------------------------

--
-- Table structure for table `user`
--

CREATE TABLE `user` (
  `id` int(11) NOT NULL,
  `username` varchar(100) NOT NULL,
  `password` varchar(100) NOT NULL,
  `name` varchar(100) NOT NULL,
  `position` varchar(100) NOT NULL
) ENGINE=InnoDB DEFAULT CHARSET=latin1;

--
-- Dumping data for table `user`
--

INSERT INTO `user` (`id`, `username`, `password`, `name`, `position`) VALUES
(1, 'admin', 'admin123', 'Admin', 'Admin');

--
-- Indexes for dumped tables
--

--
-- Indexes for table `cashier`
--
ALTER TABLE `cashier`
  ADD PRIMARY KEY (`cashier_id`);

--
-- Indexes for table `collection`
--
ALTER TABLE `collection`
  ADD PRIMARY KEY (`transaction_id`);

--
-- Indexes for table `customer`
--
ALTER TABLE `customer`
  ADD PRIMARY KEY (`customer_id`);

--
-- Indexes for table `lose`
--
ALTER TABLE `lose`
  ADD PRIMARY KEY (`p_id`);

--
-- Indexes for table `products`
--
ALTER TABLE `products`
  ADD PRIMARY KEY (`product_id`);

--
-- Indexes for table `purchases`
--
ALTER TABLE `purchases`
  ADD PRIMARY KEY (`transaction_id`);

--
-- Indexes for table `purchases_item`
--
ALTER TABLE `purchases_item`
  ADD PRIMARY KEY (`id`);

--
-- Indexes for table `sales`
--
ALTER TABLE `sales`
  ADD PRIMARY KEY (`transaction_id`);

--
-- Indexes for table `sales_order`
--
ALTER TABLE `sales_order`
  ADD PRIMARY KEY (`transaction_id`);

--
-- Indexes for table `supliers`
--
ALTER TABLE `supliers`
  ADD PRIMARY KEY (`suplier_id`);

--
-- Indexes for table `user`
--
ALTER TABLE `user`
  ADD PRIMARY KEY (`id`);

--
-- AUTO_INCREMENT for dumped tables
--

--
-- AUTO_INCREMENT for table `cashier`
--
ALTER TABLE `cashier`
  MODIFY `cashier_id` int(10) NOT NULL AUTO_INCREMENT, AUTO_INCREMENT=2;

--
-- AUTO_INCREMENT for table `collection`
--
ALTER TABLE `collection`
  MODIFY `transaction_id` int(11) NOT NULL AUTO_INCREMENT;

--
-- AUTO_INCREMENT for table `customer`
--
ALTER TABLE `customer`
  MODIFY `customer_id` int(11) NOT NULL AUTO_INCREMENT, AUTO_INCREMENT=2;

--
-- AUTO_INCREMENT for table `lose`
--
ALTER TABLE `lose`
  MODIFY `p_id` int(10) NOT NULL AUTO_INCREMENT, AUTO_INCREMENT=2;

--
-- AUTO_INCREMENT for table `products`
--
ALTER TABLE `products`
  MODIFY `product_id` int(11) NOT NULL AUTO_INCREMENT, AUTO_INCREMENT=5;

--
-- AUTO_INCREMENT for table `purchases`
--
ALTER TABLE `purchases`
  MODIFY `transaction_id` int(11) NOT NULL AUTO_INCREMENT, AUTO_INCREMENT=2;

--
-- AUTO_INCREMENT for table `purchases_item`
--
ALTER TABLE `purchases_item`
  MODIFY `id` int(11) NOT NULL AUTO_INCREMENT, AUTO_INCREMENT=2;

--
-- AUTO_INCREMENT for table `sales`
--
ALTER TABLE `sales`
  MODIFY `transaction_id` int(11) NOT NULL AUTO_INCREMENT, AUTO_INCREMENT=2;

--
-- AUTO_INCREMENT for table `sales_order`
--
ALTER TABLE `sales_order`
  MODIFY `transaction_id` int(11) NOT NULL AUTO_INCREMENT, AUTO_INCREMENT=3;

--
-- AUTO_INCREMENT for table `supliers`
--
ALTER TABLE `supliers`
  MODIFY `suplier_id` int(11) NOT NULL AUTO_INCREMENT, AUTO_INCREMENT=3;

--
-- AUTO_INCREMENT for table `user`
--
ALTER TABLE `user`
  MODIFY `id` int(11) NOT NULL AUTO_INCREMENT, AUTO_INCREMENT=2;
--
-- Database: `learnphp`
--
CREATE DATABASE IF NOT EXISTS `learnphp` DEFAULT CHARACTER SET latin1 COLLATE latin1_swedish_ci;
USE `learnphp`;

-- --------------------------------------------------------

--
-- Table structure for table `sinhvien`
--

CREATE TABLE `sinhvien` (
  `masv` int(11) NOT NULL,
  `tensv` varchar(50) DEFAULT NULL,
  `diachi` varchar(50) DEFAULT NULL
) ENGINE=InnoDB DEFAULT CHARSET=latin1;

--
-- Dumping data for table `sinhvien`
--

INSERT INTO `sinhvien` (`masv`, `tensv`, `diachi`) VALUES
(1, 'thien', 'nha trang');

--
-- Indexes for dumped tables
--

--
-- Indexes for table `sinhvien`
--
ALTER TABLE `sinhvien`
  ADD PRIMARY KEY (`masv`);
--
-- Database: `phpmyadmin`
--
CREATE DATABASE IF NOT EXISTS `phpmyadmin` DEFAULT CHARACTER SET utf8 COLLATE utf8_bin;
USE `phpmyadmin`;

-- --------------------------------------------------------

--
-- Table structure for table `pma__bookmark`
--

CREATE TABLE `pma__bookmark` (
  `id` int(10) UNSIGNED NOT NULL,
  `dbase` varchar(255) COLLATE utf8_bin NOT NULL DEFAULT '',
  `user` varchar(255) COLLATE utf8_bin NOT NULL DEFAULT '',
  `label` varchar(255) CHARACTER SET utf8 NOT NULL DEFAULT '',
  `query` text COLLATE utf8_bin NOT NULL
) ENGINE=InnoDB DEFAULT CHARSET=utf8 COLLATE=utf8_bin COMMENT='Bookmarks';

-- --------------------------------------------------------

--
-- Table structure for table `pma__central_columns`
--

CREATE TABLE `pma__central_columns` (
  `db_name` varchar(64) COLLATE utf8_bin NOT NULL,
  `col_name` varchar(64) COLLATE utf8_bin NOT NULL,
  `col_type` varchar(64) COLLATE utf8_bin NOT NULL,
  `col_length` text COLLATE utf8_bin DEFAULT NULL,
  `col_collation` varchar(64) COLLATE utf8_bin NOT NULL,
  `col_isNull` tinyint(1) NOT NULL,
  `col_extra` varchar(255) COLLATE utf8_bin DEFAULT '',
  `col_default` text COLLATE utf8_bin DEFAULT NULL
) ENGINE=InnoDB DEFAULT CHARSET=utf8 COLLATE=utf8_bin COMMENT='Central list of columns';

-- --------------------------------------------------------

--
-- Table structure for table `pma__column_info`
--

CREATE TABLE `pma__column_info` (
  `id` int(5) UNSIGNED NOT NULL,
  `db_name` varchar(64) COLLATE utf8_bin NOT NULL DEFAULT '',
  `table_name` varchar(64) COLLATE utf8_bin NOT NULL DEFAULT '',
  `column_name` varchar(64) COLLATE utf8_bin NOT NULL DEFAULT '',
  `comment` varchar(255) CHARACTER SET utf8 NOT NULL DEFAULT '',
  `mimetype` varchar(255) CHARACTER SET utf8 NOT NULL DEFAULT '',
  `transformation` varchar(255) COLLATE utf8_bin NOT NULL DEFAULT '',
  `transformation_options` varchar(255) COLLATE utf8_bin NOT NULL DEFAULT '',
  `input_transformation` varchar(255) COLLATE utf8_bin NOT NULL DEFAULT '',
  `input_transformation_options` varchar(255) COLLATE utf8_bin NOT NULL DEFAULT ''
) ENGINE=InnoDB DEFAULT CHARSET=utf8 COLLATE=utf8_bin COMMENT='Column information for phpMyAdmin';

-- --------------------------------------------------------

--
-- Table structure for table `pma__designer_settings`
--

CREATE TABLE `pma__designer_settings` (
  `username` varchar(64) COLLATE utf8_bin NOT NULL,
  `settings_data` text COLLATE utf8_bin NOT NULL
) ENGINE=InnoDB DEFAULT CHARSET=utf8 COLLATE=utf8_bin COMMENT='Settings related to Designer';

-- --------------------------------------------------------

--
-- Table structure for table `pma__export_templates`
--

CREATE TABLE `pma__export_templates` (
  `id` int(5) UNSIGNED NOT NULL,
  `username` varchar(64) COLLATE utf8_bin NOT NULL,
  `export_type` varchar(10) COLLATE utf8_bin NOT NULL,
  `template_name` varchar(64) COLLATE utf8_bin NOT NULL,
  `template_data` text COLLATE utf8_bin NOT NULL
) ENGINE=InnoDB DEFAULT CHARSET=utf8 COLLATE=utf8_bin COMMENT='Saved export templates';

--
-- Dumping data for table `pma__export_templates`
--

INSERT INTO `pma__export_templates` (`id`, `username`, `export_type`, `template_name`, `template_data`) VALUES
(1, 'root', 'database', 'qlcb', '{\"quick_or_custom\":\"quick\",\"what\":\"sql\",\"structure_or_data_forced\":\"0\",\"table_select[]\":[\"chuyenbay\",\"datcho\",\"khachhang\",\"khanang\",\"lichbay\",\"loaimb\",\"maybay\",\"nhanvien\",\"phancong\",\"user\"],\"table_structure[]\":[\"chuyenbay\",\"datcho\",\"khachhang\",\"khanang\",\"lichbay\",\"loaimb\",\"maybay\",\"nhanvien\",\"phancong\",\"user\"],\"table_data[]\":[\"chuyenbay\",\"datcho\",\"khachhang\",\"khanang\",\"lichbay\",\"loaimb\",\"maybay\",\"nhanvien\",\"phancong\",\"user\"],\"aliases_new\":\"\",\"output_format\":\"sendit\",\"filename_template\":\"@DATABASE@\",\"remember_template\":\"on\",\"charset\":\"utf-8\",\"compression\":\"none\",\"maxsize\":\"\",\"codegen_structure_or_data\":\"data\",\"codegen_format\":\"0\",\"csv_separator\":\",\",\"csv_enclosed\":\"\\\"\",\"csv_escaped\":\"\\\"\",\"csv_terminated\":\"AUTO\",\"csv_null\":\"NULL\",\"csv_structure_or_data\":\"data\",\"excel_null\":\"NULL\",\"excel_columns\":\"something\",\"excel_edition\":\"win\",\"excel_structure_or_data\":\"data\",\"json_structure_or_data\":\"data\",\"json_unicode\":\"something\",\"latex_caption\":\"something\",\"latex_structure_or_data\":\"structure_and_data\",\"latex_structure_caption\":\"Structure of table @TABLE@\",\"latex_structure_continued_caption\":\"Structure of table @TABLE@ (continued)\",\"latex_structure_label\":\"tab:@TABLE@-structure\",\"latex_relation\":\"something\",\"latex_comments\":\"something\",\"latex_mime\":\"something\",\"latex_columns\":\"something\",\"latex_data_caption\":\"Content of table @TABLE@\",\"latex_data_continued_caption\":\"Content of table @TABLE@ (continued)\",\"latex_data_label\":\"tab:@TABLE@-data\",\"latex_null\":\"\\\\textit{NULL}\",\"mediawiki_structure_or_data\":\"structure_and_data\",\"mediawiki_caption\":\"something\",\"mediawiki_headers\":\"something\",\"htmlword_structure_or_data\":\"structure_and_data\",\"htmlword_null\":\"NULL\",\"ods_null\":\"NULL\",\"ods_structure_or_data\":\"data\",\"odt_structure_or_data\":\"structure_and_data\",\"odt_relation\":\"something\",\"odt_comments\":\"something\",\"odt_mime\":\"something\",\"odt_columns\":\"something\",\"odt_null\":\"NULL\",\"pdf_report_title\":\"\",\"pdf_structure_or_data\":\"structure_and_data\",\"phparray_structure_or_data\":\"data\",\"sql_include_comments\":\"something\",\"sql_header_comment\":\"\",\"sql_use_transaction\":\"something\",\"sql_compatibility\":\"NONE\",\"sql_structure_or_data\":\"structure_and_data\",\"sql_create_table\":\"something\",\"sql_auto_increment\":\"something\",\"sql_create_view\":\"something\",\"sql_procedure_function\":\"something\",\"sql_create_trigger\":\"something\",\"sql_backquotes\":\"something\",\"sql_type\":\"INSERT\",\"sql_insert_syntax\":\"both\",\"sql_max_query_size\":\"50000\",\"sql_hex_for_binary\":\"something\",\"sql_utc_time\":\"something\",\"texytext_structure_or_data\":\"structure_and_data\",\"texytext_null\":\"NULL\",\"xml_structure_or_data\":\"data\",\"xml_export_events\":\"something\",\"xml_export_functions\":\"something\",\"xml_export_procedures\":\"something\",\"xml_export_tables\":\"something\",\"xml_export_triggers\":\"something\",\"xml_export_views\":\"something\",\"xml_export_contents\":\"something\",\"yaml_structure_or_data\":\"data\",\"\":null,\"lock_tables\":null,\"as_separate_files\":null,\"csv_removeCRLF\":null,\"csv_columns\":null,\"excel_removeCRLF\":null,\"json_pretty_print\":null,\"htmlword_columns\":null,\"ods_columns\":null,\"sql_dates\":null,\"sql_relation\":null,\"sql_mime\":null,\"sql_disable_fk\":null,\"sql_views_as_tables\":null,\"sql_metadata\":null,\"sql_create_database\":null,\"sql_drop_table\":null,\"sql_if_not_exists\":null,\"sql_truncate\":null,\"sql_delayed\":null,\"sql_ignore\":null,\"texytext_columns\":null}');

-- --------------------------------------------------------

--
-- Table structure for table `pma__favorite`
--

CREATE TABLE `pma__favorite` (
  `username` varchar(64) COLLATE utf8_bin NOT NULL,
  `tables` text COLLATE utf8_bin NOT NULL
) ENGINE=InnoDB DEFAULT CHARSET=utf8 COLLATE=utf8_bin COMMENT='Favorite tables';

-- --------------------------------------------------------

--
-- Table structure for table `pma__history`
--

CREATE TABLE `pma__history` (
  `id` bigint(20) UNSIGNED NOT NULL,
  `username` varchar(64) COLLATE utf8_bin NOT NULL DEFAULT '',
  `db` varchar(64) COLLATE utf8_bin NOT NULL DEFAULT '',
  `table` varchar(64) COLLATE utf8_bin NOT NULL DEFAULT '',
  `timevalue` timestamp NOT NULL DEFAULT current_timestamp(),
  `sqlquery` text COLLATE utf8_bin NOT NULL
) ENGINE=InnoDB DEFAULT CHARSET=utf8 COLLATE=utf8_bin COMMENT='SQL history for phpMyAdmin';

-- --------------------------------------------------------

--
-- Table structure for table `pma__navigationhiding`
--

CREATE TABLE `pma__navigationhiding` (
  `username` varchar(64) COLLATE utf8_bin NOT NULL,
  `item_name` varchar(64) COLLATE utf8_bin NOT NULL,
  `item_type` varchar(64) COLLATE utf8_bin NOT NULL,
  `db_name` varchar(64) COLLATE utf8_bin NOT NULL,
  `table_name` varchar(64) COLLATE utf8_bin NOT NULL
) ENGINE=InnoDB DEFAULT CHARSET=utf8 COLLATE=utf8_bin COMMENT='Hidden items of navigation tree';

-- --------------------------------------------------------

--
-- Table structure for table `pma__pdf_pages`
--

CREATE TABLE `pma__pdf_pages` (
  `db_name` varchar(64) COLLATE utf8_bin NOT NULL DEFAULT '',
  `page_nr` int(10) UNSIGNED NOT NULL,
  `page_descr` varchar(50) CHARACTER SET utf8 NOT NULL DEFAULT ''
) ENGINE=InnoDB DEFAULT CHARSET=utf8 COLLATE=utf8_bin COMMENT='PDF relation pages for phpMyAdmin';

-- --------------------------------------------------------

--
-- Table structure for table `pma__recent`
--

CREATE TABLE `pma__recent` (
  `username` varchar(64) COLLATE utf8_bin NOT NULL,
  `tables` text COLLATE utf8_bin NOT NULL
) ENGINE=InnoDB DEFAULT CHARSET=utf8 COLLATE=utf8_bin COMMENT='Recently accessed tables';

--
-- Dumping data for table `pma__recent`
--

INSERT INTO `pma__recent` (`username`, `tables`) VALUES
('root', '[{\"db\":\"qlcb\",\"table\":\"user\"},{\"db\":\"qlcb\",\"table\":\"khachhang\"},{\"db\":\"utf8\",\"table\":\"noidung\"}]');

-- --------------------------------------------------------

--
-- Table structure for table `pma__relation`
--

CREATE TABLE `pma__relation` (
  `master_db` varchar(64) COLLATE utf8_bin NOT NULL DEFAULT '',
  `master_table` varchar(64) COLLATE utf8_bin NOT NULL DEFAULT '',
  `master_field` varchar(64) COLLATE utf8_bin NOT NULL DEFAULT '',
  `foreign_db` varchar(64) COLLATE utf8_bin NOT NULL DEFAULT '',
  `foreign_table` varchar(64) COLLATE utf8_bin NOT NULL DEFAULT '',
  `foreign_field` varchar(64) COLLATE utf8_bin NOT NULL DEFAULT ''
) ENGINE=InnoDB DEFAULT CHARSET=utf8 COLLATE=utf8_bin COMMENT='Relation table';

-- --------------------------------------------------------

--
-- Table structure for table `pma__savedsearches`
--

CREATE TABLE `pma__savedsearches` (
  `id` int(5) UNSIGNED NOT NULL,
  `username` varchar(64) COLLATE utf8_bin NOT NULL DEFAULT '',
  `db_name` varchar(64) COLLATE utf8_bin NOT NULL DEFAULT '',
  `search_name` varchar(64) COLLATE utf8_bin NOT NULL DEFAULT '',
  `search_data` text COLLATE utf8_bin NOT NULL
) ENGINE=InnoDB DEFAULT CHARSET=utf8 COLLATE=utf8_bin COMMENT='Saved searches';

-- --------------------------------------------------------

--
-- Table structure for table `pma__table_coords`
--

CREATE TABLE `pma__table_coords` (
  `db_name` varchar(64) COLLATE utf8_bin NOT NULL DEFAULT '',
  `table_name` varchar(64) COLLATE utf8_bin NOT NULL DEFAULT '',
  `pdf_page_number` int(11) NOT NULL DEFAULT 0,
  `x` float UNSIGNED NOT NULL DEFAULT 0,
  `y` float UNSIGNED NOT NULL DEFAULT 0
) ENGINE=InnoDB DEFAULT CHARSET=utf8 COLLATE=utf8_bin COMMENT='Table coordinates for phpMyAdmin PDF output';

-- --------------------------------------------------------

--
-- Table structure for table `pma__table_info`
--

CREATE TABLE `pma__table_info` (
  `db_name` varchar(64) COLLATE utf8_bin NOT NULL DEFAULT '',
  `table_name` varchar(64) COLLATE utf8_bin NOT NULL DEFAULT '',
  `display_field` varchar(64) COLLATE utf8_bin NOT NULL DEFAULT ''
) ENGINE=InnoDB DEFAULT CHARSET=utf8 COLLATE=utf8_bin COMMENT='Table information for phpMyAdmin';

-- --------------------------------------------------------

--
-- Table structure for table `pma__table_uiprefs`
--

CREATE TABLE `pma__table_uiprefs` (
  `username` varchar(64) COLLATE utf8_bin NOT NULL,
  `db_name` varchar(64) COLLATE utf8_bin NOT NULL,
  `table_name` varchar(64) COLLATE utf8_bin NOT NULL,
  `prefs` text COLLATE utf8_bin NOT NULL,
  `last_update` timestamp NOT NULL DEFAULT current_timestamp() ON UPDATE current_timestamp()
) ENGINE=InnoDB DEFAULT CHARSET=utf8 COLLATE=utf8_bin COMMENT='Tables'' UI preferences';

-- --------------------------------------------------------

--
-- Table structure for table `pma__tracking`
--

CREATE TABLE `pma__tracking` (
  `db_name` varchar(64) COLLATE utf8_bin NOT NULL,
  `table_name` varchar(64) COLLATE utf8_bin NOT NULL,
  `version` int(10) UNSIGNED NOT NULL,
  `date_created` datetime NOT NULL,
  `date_updated` datetime NOT NULL,
  `schema_snapshot` text COLLATE utf8_bin NOT NULL,
  `schema_sql` text COLLATE utf8_bin DEFAULT NULL,
  `data_sql` longtext COLLATE utf8_bin DEFAULT NULL,
  `tracking` set('UPDATE','REPLACE','INSERT','DELETE','TRUNCATE','CREATE DATABASE','ALTER DATABASE','DROP DATABASE','CREATE TABLE','ALTER TABLE','RENAME TABLE','DROP TABLE','CREATE INDEX','DROP INDEX','CREATE VIEW','ALTER VIEW','DROP VIEW') COLLATE utf8_bin DEFAULT NULL,
  `tracking_active` int(1) UNSIGNED NOT NULL DEFAULT 1
) ENGINE=InnoDB DEFAULT CHARSET=utf8 COLLATE=utf8_bin COMMENT='Database changes tracking for phpMyAdmin';

-- --------------------------------------------------------

--
-- Table structure for table `pma__userconfig`
--

CREATE TABLE `pma__userconfig` (
  `username` varchar(64) COLLATE utf8_bin NOT NULL,
  `timevalue` timestamp NOT NULL DEFAULT current_timestamp() ON UPDATE current_timestamp(),
  `config_data` text COLLATE utf8_bin NOT NULL
) ENGINE=InnoDB DEFAULT CHARSET=utf8 COLLATE=utf8_bin COMMENT='User preferences storage for phpMyAdmin';

--
-- Dumping data for table `pma__userconfig`
--

INSERT INTO `pma__userconfig` (`username`, `timevalue`, `config_data`) VALUES
('root', '2020-01-07 03:46:16', '{\"Console\\/Mode\":\"collapse\"}');

-- --------------------------------------------------------

--
-- Table structure for table `pma__usergroups`
--

CREATE TABLE `pma__usergroups` (
  `usergroup` varchar(64) COLLATE utf8_bin NOT NULL,
  `tab` varchar(64) COLLATE utf8_bin NOT NULL,
  `allowed` enum('Y','N') COLLATE utf8_bin NOT NULL DEFAULT 'N'
) ENGINE=InnoDB DEFAULT CHARSET=utf8 COLLATE=utf8_bin COMMENT='User groups with configured menu items';

-- --------------------------------------------------------

--
-- Table structure for table `pma__users`
--

CREATE TABLE `pma__users` (
  `username` varchar(64) COLLATE utf8_bin NOT NULL,
  `usergroup` varchar(64) COLLATE utf8_bin NOT NULL
) ENGINE=InnoDB DEFAULT CHARSET=utf8 COLLATE=utf8_bin COMMENT='Users and their assignments to user groups';

--
-- Indexes for dumped tables
--

--
-- Indexes for table `pma__bookmark`
--
ALTER TABLE `pma__bookmark`
  ADD PRIMARY KEY (`id`);

--
-- Indexes for table `pma__central_columns`
--
ALTER TABLE `pma__central_columns`
  ADD PRIMARY KEY (`db_name`,`col_name`);

--
-- Indexes for table `pma__column_info`
--
ALTER TABLE `pma__column_info`
  ADD PRIMARY KEY (`id`),
  ADD UNIQUE KEY `db_name` (`db_name`,`table_name`,`column_name`);

--
-- Indexes for table `pma__designer_settings`
--
ALTER TABLE `pma__designer_settings`
  ADD PRIMARY KEY (`username`);

--
-- Indexes for table `pma__export_templates`
--
ALTER TABLE `pma__export_templates`
  ADD PRIMARY KEY (`id`),
  ADD UNIQUE KEY `u_user_type_template` (`username`,`export_type`,`template_name`);

--
-- Indexes for table `pma__favorite`
--
ALTER TABLE `pma__favorite`
  ADD PRIMARY KEY (`username`);

--
-- Indexes for table `pma__history`
--
ALTER TABLE `pma__history`
  ADD PRIMARY KEY (`id`),
  ADD KEY `username` (`username`,`db`,`table`,`timevalue`);

--
-- Indexes for table `pma__navigationhiding`
--
ALTER TABLE `pma__navigationhiding`
  ADD PRIMARY KEY (`username`,`item_name`,`item_type`,`db_name`,`table_name`);

--
-- Indexes for table `pma__pdf_pages`
--
ALTER TABLE `pma__pdf_pages`
  ADD PRIMARY KEY (`page_nr`),
  ADD KEY `db_name` (`db_name`);

--
-- Indexes for table `pma__recent`
--
ALTER TABLE `pma__recent`
  ADD PRIMARY KEY (`username`);

--
-- Indexes for table `pma__relation`
--
ALTER TABLE `pma__relation`
  ADD PRIMARY KEY (`master_db`,`master_table`,`master_field`),
  ADD KEY `foreign_field` (`foreign_db`,`foreign_table`);

--
-- Indexes for table `pma__savedsearches`
--
ALTER TABLE `pma__savedsearches`
  ADD PRIMARY KEY (`id`),
  ADD UNIQUE KEY `u_savedsearches_username_dbname` (`username`,`db_name`,`search_name`);

--
-- Indexes for table `pma__table_coords`
--
ALTER TABLE `pma__table_coords`
  ADD PRIMARY KEY (`db_name`,`table_name`,`pdf_page_number`);

--
-- Indexes for table `pma__table_info`
--
ALTER TABLE `pma__table_info`
  ADD PRIMARY KEY (`db_name`,`table_name`);

--
-- Indexes for table `pma__table_uiprefs`
--
ALTER TABLE `pma__table_uiprefs`
  ADD PRIMARY KEY (`username`,`db_name`,`table_name`);

--
-- Indexes for table `pma__tracking`
--
ALTER TABLE `pma__tracking`
  ADD PRIMARY KEY (`db_name`,`table_name`,`version`);

--
-- Indexes for table `pma__userconfig`
--
ALTER TABLE `pma__userconfig`
  ADD PRIMARY KEY (`username`);

--
-- Indexes for table `pma__usergroups`
--
ALTER TABLE `pma__usergroups`
  ADD PRIMARY KEY (`usergroup`,`tab`,`allowed`);

--
-- Indexes for table `pma__users`
--
ALTER TABLE `pma__users`
  ADD PRIMARY KEY (`username`,`usergroup`);

--
-- AUTO_INCREMENT for dumped tables
--

--
-- AUTO_INCREMENT for table `pma__bookmark`
--
ALTER TABLE `pma__bookmark`
  MODIFY `id` int(10) UNSIGNED NOT NULL AUTO_INCREMENT;

--
-- AUTO_INCREMENT for table `pma__column_info`
--
ALTER TABLE `pma__column_info`
  MODIFY `id` int(5) UNSIGNED NOT NULL AUTO_INCREMENT;

--
-- AUTO_INCREMENT for table `pma__export_templates`
--
ALTER TABLE `pma__export_templates`
  MODIFY `id` int(5) UNSIGNED NOT NULL AUTO_INCREMENT, AUTO_INCREMENT=2;

--
-- AUTO_INCREMENT for table `pma__history`
--
ALTER TABLE `pma__history`
  MODIFY `id` bigint(20) UNSIGNED NOT NULL AUTO_INCREMENT;

--
-- AUTO_INCREMENT for table `pma__pdf_pages`
--
ALTER TABLE `pma__pdf_pages`
  MODIFY `page_nr` int(10) UNSIGNED NOT NULL AUTO_INCREMENT;

--
-- AUTO_INCREMENT for table `pma__savedsearches`
--
ALTER TABLE `pma__savedsearches`
  MODIFY `id` int(5) UNSIGNED NOT NULL AUTO_INCREMENT;
--
-- Database: `qlcb`
--
CREATE DATABASE IF NOT EXISTS `qlcb` DEFAULT CHARACTER SET latin1 COLLATE latin1_swedish_ci;
USE `qlcb`;

-- --------------------------------------------------------

--
-- Table structure for table `chuyenbay`
--

CREATE TABLE `chuyenbay` (
  `MACB` char(4) NOT NULL,
  `SBDI` char(3) DEFAULT NULL,
  `SBDEN` char(3) DEFAULT NULL,
  `GIODI` time DEFAULT NULL,
  `GIODEN` time DEFAULT NULL
) ENGINE=InnoDB DEFAULT CHARSET=latin1;

--
-- Dumping data for table `chuyenbay`
--

INSERT INTO `chuyenbay` (`MACB`, `SBDI`, `SBDEN`, `GIODI`, `GIODEN`) VALUES
('100', 'SLC', 'BOS', '08:00:00', '17:50:00'),
('112', 'DCA', 'DEN', '14:00:00', '18:07:00'),
('121', 'STL', 'SLC', '07:00:00', '09:13:00'),
('122', 'STL', 'YYV', '08:30:00', '10:19:00'),
('206', 'DFW', 'STL', '09:00:00', '11:40:00'),
('330', 'JFK', 'YYV', '16:00:00', '18:53:00'),
('334', 'ORD', 'MIA', '12:00:00', '14:14:00'),
('335', 'MIA', 'ORD', '15:00:00', '17:14:00'),
('336', 'ORD', 'MIA', '18:00:00', '20:14:00'),
('337', 'MIA', 'ORD', '20:30:00', '23:53:00'),
('394', 'DFW', 'MIA', '19:00:00', '21:30:00'),
('395', 'MIA', 'DFW', '21:00:00', '23:43:00'),
('449', 'CDG', 'DEN', '10:00:00', '19:29:00'),
('930', 'YYV', 'DCA', '13:00:00', '16:10:00'),
('931', 'DCA', 'YYV', '17:00:00', '18:10:00'),
('932', 'DCA', 'YYV', '18:00:00', '19:10:00'),
('991', 'BOS', 'ORD', '17:00:00', '18:22:00');

-- --------------------------------------------------------

--
-- Table structure for table `datcho`
--

CREATE TABLE `datcho` (
  `MAKH` char(8) NOT NULL,
  `NGAYDI` date NOT NULL,
  `MACB` char(4) NOT NULL
) ENGINE=InnoDB DEFAULT CHARSET=latin1;

--
-- Dumping data for table `datcho`
--

INSERT INTO `datcho` (`MAKH`, `NGAYDI`, `MACB`) VALUES
('0009', '2000-01-11', '100'),
('0009', '2000-10-31', '449'),
('0012', '2000-10-31', '206'),
('0045', '2000-11-01', '991'),
('0091', '2000-11-01', '100'),
('0238', '2000-10-31', '334'),
('0314', '2000-10-31', '449'),
('0422', '2000-10-31', '449'),
('0582', '2000-11-01', '991'),
('0586', '2000-10-31', '100'),
('0586', '2000-11-01', '991'),
('0613', '2000-11-01', '100');

-- --------------------------------------------------------

--
-- Table structure for table `khachhang`
--

CREATE TABLE `khachhang` (
  `MAKH` char(8) NOT NULL,
  `TEN` varchar(15) DEFAULT NULL,
  `DCHI` varchar(50) DEFAULT NULL,
  `DTHOAI` char(12) DEFAULT NULL
) ENGINE=InnoDB DEFAULT CHARSET=latin1;

--
-- Dumping data for table `khachhang`
--

INSERT INTO `khachhang` (`MAKH`, `TEN`, `DCHI`, `DTHOAI`) VALUES
('0009', 'Nga', '223 Nguyen Trai', '8932320'),
('0012', 'Ha', '435 Quan Trung', '8933232'),
('0045', 'Thu', '567 Tran Phu', '8932203'),
('0091', 'Hai', '345 Hung Vuong', '8893223'),
('0101', 'Anh', '567 Tran Phu', '8826729'),
('0238', 'Hung', '456 Pasteur', '9812101'),
('0314', 'Phuong', '395 Vo Van Tan', '8232320'),
('0397', 'Thanh', '234 Le Van Si', '8952943'),
('0422', 'Tien', '75 Nguyen Thong', '8332222'),
('0582', 'Mai', '789 Nguyen Du', NULL),
('0586', 'Son', '123 Bach Dang', '8556223'),
('0613', 'Vu', '348 CMT8', '8343232'),
('0934', 'Minh', '678 Le Lai', NULL);

-- --------------------------------------------------------

--
-- Table structure for table `khanang`
--

CREATE TABLE `khanang` (
  `MANV` char(15) NOT NULL,
  `MALOAI` char(15) NOT NULL
) ENGINE=InnoDB DEFAULT CHARSET=latin1;

--
-- Dumping data for table `khanang`
--

INSERT INTO `khanang` (`MANV`, `MALOAI`) VALUES
('1001', 'A304'),
('1001', 'A320'),
('1001', 'B727'),
('1001', 'B747'),
('1001', 'DC09'),
('1001', 'DC10'),
('1002', 'A320'),
('1002', 'A340'),
('1002', 'B757'),
('1002', 'DC9'),
('1003', 'A310'),
('1003', 'DC9');

-- --------------------------------------------------------

--
-- Table structure for table `lichbay`
--

CREATE TABLE `lichbay` (
  `NGAYDI` date NOT NULL,
  `MACB` char(4) NOT NULL,
  `SOHIEU` int(11) DEFAULT NULL,
  `MALOAI` char(15) DEFAULT NULL
) ENGINE=InnoDB DEFAULT CHARSET=latin1;

--
-- Dumping data for table `lichbay`
--

INSERT INTO `lichbay` (`NGAYDI`, `MACB`, `SOHIEU`, `MALOAI`) VALUES
('2000-10-31', '100', 11, 'A320'),
('2000-10-31', '112', 11, 'A320'),
('2000-10-31', '206', 13, 'A320'),
('2000-10-31', '334', 10, 'B747'),
('2000-10-31', '335', 10, 'B747'),
('2000-10-31', '337', 24, 'DC9'),
('2000-10-31', '449', 70, 'A310'),
('2000-11-01', '100', 80, 'A320'),
('2000-11-01', '112', 21, 'DC10'),
('2000-11-01', '206', 22, 'DC9'),
('2000-11-01', '334', 10, 'B747'),
('2000-11-01', '337', 10, 'B747'),
('2000-11-01', '395', 23, 'DC9'),
('2000-11-01', '991', 22, 'B757');

-- --------------------------------------------------------

--
-- Table structure for table `loaimb`
--

CREATE TABLE `loaimb` (
  `MALOAI` char(15) NOT NULL,
  `HANGSX` varchar(15) DEFAULT NULL
) ENGINE=InnoDB DEFAULT CHARSET=latin1;

--
-- Dumping data for table `loaimb`
--

INSERT INTO `loaimb` (`MALOAI`, `HANGSX`) VALUES
('A310', 'Airbus'),
('A320', 'Airbus'),
('A330', 'Airbus'),
('A340', 'Airbus'),
('A727', 'Boeing'),
('A747', 'Boeing'),
('A757', 'Boeing'),
('DC10', 'MD'),
('DC9', 'MD');

-- --------------------------------------------------------

--
-- Table structure for table `maybay`
--

CREATE TABLE `maybay` (
  `SOHIEU` int(11) NOT NULL,
  `MALOAI` char(15) NOT NULL
) ENGINE=InnoDB DEFAULT CHARSET=latin1;

--
-- Dumping data for table `maybay`
--

INSERT INTO `maybay` (`SOHIEU`, `MALOAI`) VALUES
(10, 'B747'),
(11, 'B727'),
(13, 'B727'),
(13, 'B747'),
(21, 'DC10'),
(21, 'DC9'),
(22, 'B757'),
(22, 'DC9'),
(23, 'DC9'),
(24, 'DC9'),
(70, 'A310'),
(80, 'A310'),
(93, 'B757');

-- --------------------------------------------------------

--
-- Table structure for table `nhanvien`
--

CREATE TABLE `nhanvien` (
  `MANV` char(15) NOT NULL,
  `TEN` varchar(15) DEFAULT NULL,
  `DCHI` varchar(50) DEFAULT NULL,
  `DTHOAI` char(12) DEFAULT NULL,
  `LUONG` float(10,2) DEFAULT NULL,
  `LOAINV` bit(1) DEFAULT NULL
) ENGINE=InnoDB DEFAULT CHARSET=latin1;

--
-- Dumping data for table `nhanvien`
--

INSERT INTO `nhanvien` (`MANV`, `TEN`, `DCHI`, `DTHOAI`, `LUONG`, `LOAINV`) VALUES
('1001', 'Huong', '8 Dien Bien Phu', '8330733', 500000.00, b'1'),
('1002', 'Phong', '1 Ly Thuong Kiet', '8308117', 450000.00, b'1'),
('1003', 'Quang', '78 Truong Dinh', '8324461', 350000.00, b'1'),
('1004', 'Phuong', '351 Lac Long Quan', '8308115', 250000.00, b'0'),
('1005', 'Giao', '65 Nguyen Thai Son', '8324467', 500000.00, b'0'),
('1006', 'Chi', '12/6 Nguyen Kiem', '8120012', 150000.00, b'0'),
('1007', 'Tam', '36 Nguyen Van Cu', '8458188', 500000.00, b'0');

-- --------------------------------------------------------

--
-- Table structure for table `phancong`
--

CREATE TABLE `phancong` (
  `MANV` char(15) NOT NULL,
  `NGAYDI` date NOT NULL,
  `MACB` char(4) NOT NULL
) ENGINE=InnoDB DEFAULT CHARSET=latin1;

--
-- Dumping data for table `phancong`
--

INSERT INTO `phancong` (`MANV`, `NGAYDI`, `MACB`) VALUES
('1001', '2000-10-31', '100'),
('1001', '2000-11-01', '100'),
('1002', '2000-10-31', '100'),
('1002', '2000-11-01', '100'),
('1003', '2000-10-31', '100'),
('1003', '2000-10-31', '337'),
('1004', '2000-10-31', '100'),
('1004', '2000-10-31', '337'),
('1005', '2000-10-31', '337'),
('1006', '2000-10-31', '337'),
('1006', '2000-11-01', '991'),
('1007', '2000-10-31', '206'),
('1007', '2000-11-01', '112'),
('1007', '2000-11-01', '991');

-- --------------------------------------------------------

--
-- Table structure for table `user`
--

CREATE TABLE `user` (
  `ID` int(11) NOT NULL,
  `MANV` char(15) DEFAULT NULL,
  `PASSWORD` char(8) DEFAULT NULL
) ENGINE=InnoDB DEFAULT CHARSET=latin1;

--
-- Dumping data for table `user`
--

INSERT INTO `user` (`ID`, `MANV`, `PASSWORD`) VALUES
(1, '1001', '12345678'),
(2, '1002', '12345678'),
(3, '1003', '12345678'),
(4, '1004', '12345678'),
(5, '1005', '12345678'),
(6, '1006', '12345678'),
(7, '1007', '12345678');

--
-- Indexes for dumped tables
--

--
-- Indexes for table `chuyenbay`
--
ALTER TABLE `chuyenbay`
  ADD PRIMARY KEY (`MACB`);

--
-- Indexes for table `datcho`
--
ALTER TABLE `datcho`
  ADD PRIMARY KEY (`MAKH`,`NGAYDI`,`MACB`);

--
-- Indexes for table `khachhang`
--
ALTER TABLE `khachhang`
  ADD PRIMARY KEY (`MAKH`);

--
-- Indexes for table `khanang`
--
ALTER TABLE `khanang`
  ADD PRIMARY KEY (`MANV`,`MALOAI`);

--
-- Indexes for table `lichbay`
--
ALTER TABLE `lichbay`
  ADD PRIMARY KEY (`NGAYDI`,`MACB`);

--
-- Indexes for table `loaimb`
--
ALTER TABLE `loaimb`
  ADD PRIMARY KEY (`MALOAI`);

--
-- Indexes for table `maybay`
--
ALTER TABLE `maybay`
  ADD PRIMARY KEY (`SOHIEU`,`MALOAI`);

--
-- Indexes for table `nhanvien`
--
ALTER TABLE `nhanvien`
  ADD PRIMARY KEY (`MANV`);

--
-- Indexes for table `phancong`
--
ALTER TABLE `phancong`
  ADD PRIMARY KEY (`MANV`,`NGAYDI`,`MACB`);

--
-- Indexes for table `user`
--
ALTER TABLE `user`
  ADD PRIMARY KEY (`ID`);

--
-- AUTO_INCREMENT for dumped tables
--

--
-- AUTO_INCREMENT for table `user`
--
ALTER TABLE `user`
  MODIFY `ID` int(11) NOT NULL AUTO_INCREMENT, AUTO_INCREMENT=8;
--
-- Database: `qlnv`
--
CREATE DATABASE IF NOT EXISTS `qlnv` DEFAULT CHARACTER SET latin1 COLLATE latin1_swedish_ci;
USE `qlnv`;
--
-- Database: `qlsv`
--
CREATE DATABASE IF NOT EXISTS `qlsv` DEFAULT CHARACTER SET latin1 COLLATE latin1_swedish_ci;
USE `qlsv`;

-- --------------------------------------------------------

--
-- Table structure for table `diemthi`
--

CREATE TABLE `diemthi` (
  `MaSV` int(11) NOT NULL,
  `MaMH` int(11) NOT NULL,
  `DiemMH` float DEFAULT NULL
) ENGINE=InnoDB DEFAULT CHARSET=latin1;

--
-- Dumping data for table `diemthi`
--

INSERT INTO `diemthi` (`MaSV`, `MaMH`, `DiemMH`) VALUES
(1, 1, 5),
(2, 2, 7),
(3, 3, 8),
(4, 4, 9),
(5, 5, 10);

-- --------------------------------------------------------

--
-- Table structure for table `lophoc`
--

CREATE TABLE `lophoc` (
  `Malop` varchar(5) NOT NULL,
  `Tenlop` varchar(10) DEFAULT NULL
) ENGINE=InnoDB DEFAULT CHARSET=latin1;

--
-- Dumping data for table `lophoc`
--

INSERT INTO `lophoc` (`Malop`, `Tenlop`) VALUES
('ML01', 'Lop1'),
('ML02', 'Lop2'),
('ML03', 'Lop3'),
('ML04', 'Lop4'),
('ML05', 'Lop5'),
('ML06', 'DHCN3A'),
('ML07', 'DHCN3C');

-- --------------------------------------------------------

--
-- Table structure for table `monhoc`
--

CREATE TABLE `monhoc` (
  `MaMH` int(11) NOT NULL,
  `TenMH` varchar(10) DEFAULT NULL,
  `Sotiet` int(11) DEFAULT NULL,
  `HocKy` int(11) DEFAULT NULL
) ENGINE=InnoDB DEFAULT CHARSET=latin1;

--
-- Dumping data for table `monhoc`
--

INSERT INTO `monhoc` (`MaMH`, `TenMH`, `Sotiet`, `HocKy`) VALUES
(1, 'Toan', 20, 1),
(2, 'Van', 20, 1),
(3, 'Ly', 20, 1),
(4, 'Hoa', 20, 1),
(5, 'Sinh', 20, 1),
(6, 'Su', 60, 2);

-- --------------------------------------------------------

--
-- Table structure for table `sinhvien`
--

CREATE TABLE `sinhvien` (
  `MaSV` int(11) NOT NULL,
  `Hovaten` varchar(50) DEFAULT NULL,
  `MaLop` varchar(5) DEFAULT NULL,
  `gioitinh` varchar(3) DEFAULT NULL,
  `NgaySinh` date DEFAULT NULL,
  `Diachi` varchar(50) DEFAULT NULL
) ENGINE=InnoDB DEFAULT CHARSET=latin1;

--
-- Dumping data for table `sinhvien`
--

INSERT INTO `sinhvien` (`MaSV`, `Hovaten`, `MaLop`, `gioitinh`, `NgaySinh`, `Diachi`) VALUES
(1, 'Nguyen Van A', 'ML01', 'nam', '1997-09-08', 'Vinh Hai Nha Trang'),
(2, 'Nguyen Van B', 'ML01', 'nam', '1997-09-09', 'Vinh Hai Nha Trang'),
(3, 'Nguyen Van C', 'ML01', 'nam', '1997-07-09', 'Vinh Hai Nha Trang'),
(4, 'Nguyen Van D', 'ML01', 'nu', '1997-02-09', 'Vinh Hai Nha Trang'),
(5, 'Nguyen Van E', 'ML02', 'nu', '1997-04-09', 'Vinh Hai Nha Trang'),
(6, 'Hien', 'ML06', 'nu', '1998-04-05', 'Phu Yen'),
(7, 'Linh', 'ML07', 'nu', '1998-05-05', 'Phu Yen');

--
-- Indexes for dumped tables
--

--
-- Indexes for table `diemthi`
--
ALTER TABLE `diemthi`
  ADD PRIMARY KEY (`MaSV`,`MaMH`);

--
-- Indexes for table `lophoc`
--
ALTER TABLE `lophoc`
  ADD PRIMARY KEY (`Malop`);

--
-- Indexes for table `monhoc`
--
ALTER TABLE `monhoc`
  ADD PRIMARY KEY (`MaMH`);

--
-- Indexes for table `sinhvien`
--
ALTER TABLE `sinhvien`
  ADD PRIMARY KEY (`MaSV`);
--
-- Database: `quanlychuyenbay`
--
CREATE DATABASE IF NOT EXISTS `quanlychuyenbay` DEFAULT CHARACTER SET latin1 COLLATE latin1_swedish_ci;
USE `quanlychuyenbay`;

-- --------------------------------------------------------

--
-- Table structure for table `chuyenbay`
--

CREATE TABLE `chuyenbay` (
  `MACB` char(4) NOT NULL,
  `SBDI` char(3) DEFAULT NULL,
  `SBDEN` char(3) DEFAULT NULL,
  `GIODI` time DEFAULT NULL,
  `GIODEN` time DEFAULT NULL
) ENGINE=InnoDB DEFAULT CHARSET=latin1;

--
-- Dumping data for table `chuyenbay`
--

INSERT INTO `chuyenbay` (`MACB`, `SBDI`, `SBDEN`, `GIODI`, `GIODEN`) VALUES
('0001', 'a', 'a', NULL, NULL);

-- --------------------------------------------------------

--
-- Table structure for table `khachhang`
--

CREATE TABLE `khachhang` (
  `MAKH` char(8) NOT NULL,
  `TEN` varchar(15) DEFAULT NULL,
  `DCHI` varchar(50) DEFAULT NULL,
  `DTHOAI` char(12) DEFAULT NULL
) ENGINE=InnoDB DEFAULT CHARSET=latin1;

--
-- Indexes for dumped tables
--

--
-- Indexes for table `chuyenbay`
--
ALTER TABLE `chuyenbay`
  ADD PRIMARY KEY (`MACB`);

--
-- Indexes for table `khachhang`
--
ALTER TABLE `khachhang`
  ADD PRIMARY KEY (`MAKH`);
--
-- Database: `quanlynhahang`
--
CREATE DATABASE IF NOT EXISTS `quanlynhahang` DEFAULT CHARACTER SET latin1 COLLATE latin1_swedish_ci;
USE `quanlynhahang`;

-- --------------------------------------------------------

--
-- Table structure for table `cthoadon`
--

CREATE TABLE `cthoadon` (
  `macthoadon` int(11) NOT NULL,
  `mahoadon` int(11) DEFAULT NULL,
  `mamon` int(11) DEFAULT NULL,
  `soluong` int(11) DEFAULT NULL
) ENGINE=InnoDB DEFAULT CHARSET=latin1;

--
-- Dumping data for table `cthoadon`
--

INSERT INTO `cthoadon` (`macthoadon`, `mahoadon`, `mamon`, `soluong`) VALUES
(1, 1, 16, 2),
(2, 1, 3, 4),
(3, 1, 1, 4),
(4, 1, 17, 2),
(5, 1, 20, 2);

-- --------------------------------------------------------

--
-- Table structure for table `danhmuc`
--

CREATE TABLE `danhmuc` (
  `madanhmuc` int(11) NOT NULL,
  `tendanhmuc` varchar(20) DEFAULT NULL
) ENGINE=InnoDB DEFAULT CHARSET=latin1;

--
-- Dumping data for table `danhmuc`
--

INSERT INTO `danhmuc` (`madanhmuc`, `tendanhmuc`) VALUES
(1, 'Mon chien'),
(2, NULL),
(3, 'mon kho'),
(4, 'mon xao'),
(5, 'nuoc ngot'),
(6, 'lau'),
(7, 'mon goi'),
(8, 'mon man'),
(9, 'Mon tay'),
(10, 'mon a');

-- --------------------------------------------------------

--
-- Table structure for table `hoadon`
--

CREATE TABLE `hoadon` (
  `mahoadon` int(11) NOT NULL,
  `thoigian` date DEFAULT NULL,
  `sotien` float DEFAULT NULL
) ENGINE=InnoDB DEFAULT CHARSET=latin1;

--
-- Dumping data for table `hoadon`
--

INSERT INTO `hoadon` (`mahoadon`, `thoigian`, `sotien`) VALUES
(1, '2019-12-23', 32000);

-- --------------------------------------------------------

--
-- Table structure for table `images`
--

CREATE TABLE `images` (
  `id` int(11) NOT NULL,
  `image` varchar(100) NOT NULL
) ENGINE=MyISAM DEFAULT CHARSET=utf8;

-- --------------------------------------------------------

--
-- Table structure for table `monan`
--

CREATE TABLE `monan` (
  `mamon` int(11) NOT NULL,
  `tenmon` varchar(20) DEFAULT NULL,
  `madanhmuc` int(11) DEFAULT NULL,
  `size` varchar(20) DEFAULT NULL,
  `gia` int(11) DEFAULT NULL
) ENGINE=InnoDB DEFAULT CHARSET=latin1;

--
-- Dumping data for table `monan`
--

INSERT INTO `monan` (`mamon`, `tenmon`, `madanhmuc`, `size`, `gia`) VALUES
(16, 'canh chua', 1, 'nho', 80000),
(17, 'ga kho sa ot', 1, 'lon', 23000),
(18, 'ga kho sa ot', 1, 'lon', 74000),
(19, 'ga kho sa ot', 1, 'lon', 74000),
(20, 'sushi ca hoi', 10, 'lon', 200000);

-- --------------------------------------------------------

--
-- Table structure for table `nhanvien`
--

CREATE TABLE `nhanvien` (
  `manv` int(11) NOT NULL,
  `tennv` varchar(50) DEFAULT NULL,
  `ngaysinh` date DEFAULT NULL,
  `diachi` varchar(50) DEFAULT NULL,
  `sdt` varchar(50) DEFAULT NULL,
  `vitri` varchar(50) DEFAULT NULL
) ENGINE=InnoDB DEFAULT CHARSET=latin1;

--
-- Dumping data for table `nhanvien`
--

INSERT INTO `nhanvien` (`manv`, `tennv`, `ngaysinh`, `diachi`, `sdt`, `vitri`) VALUES
(1, 'Do Van Cuong', '1987-09-10', 'Ninh Binh', '0452617843', 'Tong Giam Doc'),
(2, 'Nguyen Ngoc Ngoc', '1998-05-07', 'Nha Trang', '023568766', 'quanly'),
(4, 'Nguyen Ngoc Thien', '1999-06-04', 'Ninh Hoa', '0452617846', 'Ban hang'),
(5, 'Vo Van Toan', '1987-09-12', 'TP HCM', '0563517263', 'Giam Doc'),
(6, 'Nguyen Ngoc Thien', '1987-09-12', 'Nha Trang', '027364817128', 'NV ban hang');

-- --------------------------------------------------------

--
-- Table structure for table `upload_image`
--

CREATE TABLE `upload_image` (
  `id` int(11) NOT NULL,
  `image` varchar(100) NOT NULL
) ENGINE=MyISAM DEFAULT CHARSET=utf8;

-- --------------------------------------------------------

--
-- Table structure for table `user`
--

CREATE TABLE `user` (
  `id` int(11) NOT NULL,
  `user` varchar(20) DEFAULT NULL,
  `password` varchar(20) DEFAULT NULL,
  `loaiuser` varchar(10) DEFAULT NULL
) ENGINE=InnoDB DEFAULT CHARSET=latin1;

--
-- Indexes for dumped tables
--

--
-- Indexes for table `cthoadon`
--
ALTER TABLE `cthoadon`
  ADD PRIMARY KEY (`macthoadon`);

--
-- Indexes for table `danhmuc`
--
ALTER TABLE `danhmuc`
  ADD PRIMARY KEY (`madanhmuc`);

--
-- Indexes for table `hoadon`
--
ALTER TABLE `hoadon`
  ADD PRIMARY KEY (`mahoadon`);

--
-- Indexes for table `images`
--
ALTER TABLE `images`
  ADD PRIMARY KEY (`id`);

--
-- Indexes for table `monan`
--
ALTER TABLE `monan`
  ADD PRIMARY KEY (`mamon`);

--
-- Indexes for table `nhanvien`
--
ALTER TABLE `nhanvien`
  ADD PRIMARY KEY (`manv`);

--
-- Indexes for table `upload_image`
--
ALTER TABLE `upload_image`
  ADD PRIMARY KEY (`id`);

--
-- Indexes for table `user`
--
ALTER TABLE `user`
  ADD PRIMARY KEY (`id`);

--
-- AUTO_INCREMENT for dumped tables
--

--
-- AUTO_INCREMENT for table `cthoadon`
--
ALTER TABLE `cthoadon`
  MODIFY `macthoadon` int(11) NOT NULL AUTO_INCREMENT, AUTO_INCREMENT=6;

--
-- AUTO_INCREMENT for table `danhmuc`
--
ALTER TABLE `danhmuc`
  MODIFY `madanhmuc` int(11) NOT NULL AUTO_INCREMENT, AUTO_INCREMENT=11;

--
-- AUTO_INCREMENT for table `hoadon`
--
ALTER TABLE `hoadon`
  MODIFY `mahoadon` int(11) NOT NULL AUTO_INCREMENT, AUTO_INCREMENT=2;

--
-- AUTO_INCREMENT for table `images`
--
ALTER TABLE `images`
  MODIFY `id` int(11) NOT NULL AUTO_INCREMENT;

--
-- AUTO_INCREMENT for table `monan`
--
ALTER TABLE `monan`
  MODIFY `mamon` int(11) NOT NULL AUTO_INCREMENT, AUTO_INCREMENT=21;

--
-- AUTO_INCREMENT for table `nhanvien`
--
ALTER TABLE `nhanvien`
  MODIFY `manv` int(11) NOT NULL AUTO_INCREMENT, AUTO_INCREMENT=7;

--
-- AUTO_INCREMENT for table `upload_image`
--
ALTER TABLE `upload_image`
  MODIFY `id` int(11) NOT NULL AUTO_INCREMENT;

--
-- AUTO_INCREMENT for table `user`
--
ALTER TABLE `user`
  MODIFY `id` int(11) NOT NULL AUTO_INCREMENT;
--
-- Database: `test`
--
CREATE DATABASE IF NOT EXISTS `test` DEFAULT CHARACTER SET latin1 COLLATE latin1_swedish_ci;
USE `test`;
--
-- Database: `test1`
--
CREATE DATABASE IF NOT EXISTS `test1` DEFAULT CHARACTER SET latin1 COLLATE latin1_swedish_ci;
USE `test1`;
--
-- Database: `utf8`
--
CREATE DATABASE IF NOT EXISTS `utf8` DEFAULT CHARACTER SET latin1 COLLATE latin1_swedish_ci;
USE `utf8`;

-- --------------------------------------------------------

--
-- Table structure for table `noidung`
--

CREATE TABLE `noidung` (
  `id` int(11) NOT NULL,
  `noidung` varchar(100) CHARACTER SET utf8 DEFAULT NULL
) ENGINE=InnoDB DEFAULT CHARSET=latin1;

--
-- Dumping data for table `noidung`
--

INSERT INTO `noidung` (`id`, `noidung`) VALUES
(2, 'Thin'),
(5, 'Thin');

--
-- Indexes for dumped tables
--

--
-- Indexes for table `noidung`
--
ALTER TABLE `noidung`
  ADD PRIMARY KEY (`id`);
COMMIT;

/*!40101 SET CHARACTER_SET_CLIENT=@OLD_CHARACTER_SET_CLIENT */;
/*!40101 SET CHARACTER_SET_RESULTS=@OLD_CHARACTER_SET_RESULTS */;
/*!40101 SET COLLATION_CONNECTION=@OLD_COLLATION_CONNECTION */;
